"Assembly1","Specie","Strain"
"GCF_006539785.1","Flavobacterium aquatile","NBRC 15052"
"GCF_006539745.1","Flavobacterium flevense","NBRC 14960"
"GCF_900142775.1","Flavobacterium flevense","DSM 1076"
"GCF_001879205.1","Flavobacterium johnsoniae","CI04"
"GCF_003633855.1","Flavobacterium johnsoniae","JH0041"
"GCF_003688785.1","Flavobacterium johnsoniae","JH0037"
"GCF_004339485.1","Flavobacterium johnsoniae","379"
"GCF_008329825.1","Flavobacterium johnsoniae","FJ001"
"GCF_900129605.1","Flavobacterium johnsoniae","DSM 6792"
"GCF_900142355.1","Flavobacterium johnsoniae","DSM 2064"
"GCF_000737695.1","Flavobacterium hydatis","DSM 2063"
"GCF_002217335.1","Flavobacterium hydatis","ATCC 29551"
"GCF_001534645.1","Flavobacterium columnare","94-081"
"GCF_001580475.1","Flavobacterium columnare","B185"
"GCF_001641185.1","Flavobacterium columnare","C#2"
"GCF_001677395.1","Flavobacterium columnare","Pf1"
"GCF_001936395.1","Flavobacterium columnare","TC 1691"
"GCF_001995115.1","Flavobacterium columnare","CSF-298-10"
"GCF_002204815.1","Flavobacterium columnare","1215"
"GCF_002204825.1","Flavobacterium columnare","CF1"
"GCF_002204835.1","Flavobacterium columnare","1214"
"GCF_002204845.1","Flavobacterium columnare","1362"
"GCF_002204895.1","Flavobacterium columnare","NK01"
"GCF_002916795.1","Flavobacterium columnare","1201"
"GCF_002916835.1","Flavobacterium columnare","1372"
"GCF_003034215.1","Flavobacterium columnare","MS-FC-4"
"GCF_004010215.1","Flavobacterium columnare","ARS1"
"GCF_004010225.1","Flavobacterium columnare","BGFS27"
"GCF_004684835.1","Flavobacterium columnare","1723"
"GCF_010993655.1","Flavobacterium columnare","SP1805"
"GCF_011316545.1","Flavobacterium columnare","CC1802"
"GCF_011316565.1","Flavobacterium columnare","CC1803"
"GCF_011316575.1","Flavobacterium columnare","CC1805"
"GCF_011316625.1","Flavobacterium columnare","SP1802"
"GCF_011316665.1","Flavobacterium columnare","CC1808"
"GCF_011316685.1","Flavobacterium columnare","SP1809"
"GCF_014844255.1","Flavobacterium columnare","FCO-F2"
"GCF_014844295.1","Flavobacterium columnare","F2S17"
"GCF_014844315.1","Flavobacterium columnare","F2S4"
"GCF_014844335.1","Flavobacterium columnare","F2R74"
"GCF_014844355.1","Flavobacterium columnare","F2R72"
"GCF_014844375.1","Flavobacterium columnare","F2R70"
"GCF_014844395.1","Flavobacterium columnare","F2R68"
"GCF_014844415.1","Flavobacterium columnare","F2R67"
"GCF_014844435.1","Flavobacterium columnare","F2R66"
"GCF_014844455.1","Flavobacterium columnare","F2R65"
"GCF_014844475.1","Flavobacterium columnare","F2R60"
"GCF_014844495.1","Flavobacterium columnare","F2R64"
"GCF_014844515.1","Flavobacterium columnare","F2R62"
"GCF_014844535.1","Flavobacterium columnare","F2R58"
"GCF_014844555.1","Flavobacterium columnare","F9S17"
"GCF_014844575.1","Flavobacterium columnare","F9S15"
"GCF_014844595.1","Flavobacterium columnare","F9R78"
"GCF_014844615.1","Flavobacterium columnare","F9R75"
"GCF_014844635.1","Flavobacterium columnare","F9R72"
"GCF_014844655.1","Flavobacterium columnare","F9R69"
"GCF_014844675.1","Flavobacterium columnare","F9R66"
"GCF_014844695.1","Flavobacterium columnare","F9R64"
"GCF_014844715.1","Flavobacterium columnare","F9R61"
"GCF_014844735.1","Flavobacterium columnare","F9R58"
"GCF_014844755.1","Flavobacterium columnare","F9R56"
"GCF_014844775.1","Flavobacterium columnare","FCO-F9"
"GCF_015499905.1","Flavobacterium columnare","JIP P11/91"
"GCF_015499935.1","Flavobacterium columnare","CDI-A"
"GCF_015499955.1","Flavobacterium columnare","4017018"
"GCF_017132675.1","Flavobacterium columnare","B245"
"GCF_900290975.1","Flavobacterium columnare","PH-97028"
"GCF_002217365.1","Flavobacterium pectinovorum","ATCC 19366"
"GCF_006438875.1","Flavobacterium pectinovorum","42"
"GCF_900142715.1","Flavobacterium pectinovorum","DSM 6368"
"GCF_900142735.1","Flavobacterium saccharophilum","DSM 1811"
"GCF_001662485.1","Flavobacterium succinicans","DD5b"
"GCF_900114945.1","Flavobacterium succinicans","DSM 4002"
"GCF_000832125.1","Flavobacterium hibernum","DSM 12611"
"GCF_002217315.1","Flavobacterium hibernum","ATCC 51468"
"GCF_900450525.1","Flavobacterium hibernum","NCTC13514"
"GCF_002530755.1","Flavobacterium branchiophilum","ATCC 35036"
"GCF_006716585.1","Flavobacterium branchiophilum","DSM 24789"
"GCF_900142695.1","Flavobacterium xanthum","DSM 3661"
"GCF_000333355.1","Flavobacterium sp. B17","B17"
"GCF_000739395.1","Flavobacterium psychrophilum","CSF259-93"
"GCF_000767095.1","Flavobacterium psychrophilum","strain 950106-1/1"
"GCF_000801615.1","Flavobacterium psychrophilum","THC 02-90"
"GCF_000801695.1","Flavobacterium psychrophilum","TN"
"GCF_000801715.1","Flavobacterium psychrophilum","TR"
"GCF_000831185.1","Flavobacterium psychrophilum","phage resistant V4-24"
"GCF_000831205.1","Flavobacterium psychrophilum","phage resistant V4-33"
"GCF_000831225.1","Flavobacterium psychrophilum","phage resistant V3-5"
"GCF_000971575.2","Flavobacterium psychrophilum","Flavobacterium psychrophilum strain 5"
"GCF_000971605.2","Flavobacterium psychrophilum","MH1"
"GCF_000971645.2","Flavobacterium psychrophilum","PG2"
"GCF_000971685.2","Flavobacterium psychrophilum","VQ50"
"GCF_000971735.2","Flavobacterium psychrophilum","3"
"GCF_000971785.1","Flavobacterium psychrophilum","4"
"GCF_001485515.1","Flavobacterium psychrophilum","KTEN-1510"
"GCF_001510795.1","Flavobacterium psychrophilum","Pullman"
"GCF_001510855.1","Flavobacterium psychrophilum","17830"
"GCF_001510875.1","Flavobacterium psychrophilum","11754"
"GCF_001887135.1","Flavobacterium psychrophilum","FPG87"
"GCF_001887145.1","Flavobacterium psychrophilum","FPG103"
"GCF_002150145.1","Flavobacterium psychrophilum","FPG48"
"GCF_002150215.1","Flavobacterium psychrophilum","FPG92"
"GCF_002150245.1","Flavobacterium psychrophilum","FPG1W08"
"GCF_002150255.1","Flavobacterium psychrophilum","FPG10"
"GCF_002150295.1","Flavobacterium psychrophilum","FPG102"
"GCF_003433315.1","Flavobacterium psychrophilum","phage resistant V1-20"
"GCF_003433335.1","Flavobacterium psychrophilum","phage resistant V2-20"
"GCF_003433355.1","Flavobacterium psychrophilum","phage resistant V4-28"
"GCF_003788665.1","Flavobacterium psychrophilum","IWL08"
"GCF_006777745.1","Flavobacterium psychrophilum","NNS1-1804"
"GCF_006777825.1","Flavobacterium psychrophilum","NNS2-1804"
"GCF_006777945.1","Flavobacterium psychrophilum","NNS4-1804"
"GCF_006778065.1","Flavobacterium psychrophilum","NNS5-1804"
"GCF_006778185.1","Flavobacterium psychrophilum","NNS6-1804"
"GCF_006778265.1","Flavobacterium psychrophilum","NNS7-1804"
"GCF_006778345.1","Flavobacterium psychrophilum","KKAC-1706"
"GCF_006778465.1","Flavobacterium psychrophilum","KKOK-1706"
"GCF_006778585.1","Flavobacterium psychrophilum","KHIR-1705"
"GCF_009730675.1","Flavobacterium psychrophilum","FPCH6"
"GCF_013343175.2","Flavobacterium psychrophilum","FPS-S6"
"GCF_013343195.2","Flavobacterium psychrophilum","160401-1/5N"
"GCF_013457195.1","Flavobacterium psychrophilum","strain 950106-1/1"
"GCF_015272545.1","Flavobacterium psychrophilum","FPS-P1"
"GCF_015272565.1","Flavobacterium psychrophilum","FPS-P3"
"GCF_015272595.1","Flavobacterium psychrophilum","FPS-R9"
"GCF_015272605.1","Flavobacterium psychrophilum","FPS-G2"
"GCF_015272635.1","Flavobacterium psychrophilum","V46"
"GCF_016803475.1","Flavobacterium psychrophilum","FPS-R7"
"GCF_016803495.1","Flavobacterium psychrophilum","FPS-F15"
"GCF_016803515.1","Flavobacterium psychrophilum","FPS-G1"
"GCF_016803535.1","Flavobacterium psychrophilum","F164"
"GCF_016803555.1","Flavobacterium psychrophilum","010418-2/1"
"GCF_016803575.1","Flavobacterium psychrophilum","141127-1/2N"
"GCF_016803595.1","Flavobacterium psychrophilum","990512-1/2A"
"GCF_016803615.1","Flavobacterium psychrophilum","160401-1/5M"
"GCF_016803635.1","Flavobacterium psychrophilum","030522-1/1"
"GCF_016803655.1","Flavobacterium psychrophilum","FPS-S9"
"GCF_016803675.1","Flavobacterium psychrophilum","FPS-F27"
"GCF_016803695.1","Flavobacterium psychrophilum","FPS-F16"
"GCF_016803715.1","Flavobacterium psychrophilum","FPS-S11A"
"GCF_016803735.1","Flavobacterium psychrophilum","FPS-S10"
"GCF_016803755.1","Flavobacterium psychrophilum","K9/00"
"GCF_016803775.1","Flavobacterium psychrophilum","FPS-S11B"
"GCF_016803795.1","Flavobacterium psychrophilum","P7-7B/10"
"GCF_016803815.1","Flavobacterium psychrophilum","P15/8B-11"
"GCF_016804065.1","Flavobacterium psychrophilum","P30-2B/09"
"GCF_016804085.1","Flavobacterium psychrophilum","FPS-D10"
"GCF_016804105.1","Flavobacterium psychrophilum","FPS-D15"
"GCF_016804145.1","Flavobacterium psychrophilum","FPS-F30"
"GCF_016804165.1","Flavobacterium psychrophilum","FPS-F32"
"GCF_016804185.1","Flavobacterium psychrophilum","FPS-F33"
"GCF_016804205.1","Flavobacterium psychrophilum","FPS-F22"
"GCF_016804225.1","Flavobacterium psychrophilum","FPS-F21"
"GCF_016878935.1","Flavobacterium psychrophilum","FPS-D2"
"GCF_900130145.1","Flavobacterium psychrophilum","OSU THCO2-90"
"GCF_900186345.1","Flavobacterium psychrophilum","CH8"
"GCF_900186365.1","Flavobacterium psychrophilum","DK150"
"GCF_900186375.1","Flavobacterium psychrophilum","FI056"
"GCF_900186385.1","Flavobacterium psychrophilum","DK095"
"GCF_900186395.1","Flavobacterium psychrophilum","FI055"
"GCF_900186405.1","Flavobacterium psychrophilum","DK001"
"GCF_900186415.1","Flavobacterium psychrophilum","FRGDSA 1882/11"
"GCF_900186425.1","Flavobacterium psychrophilum","DK002"
"GCF_900186435.1","Flavobacterium psychrophilum","CH1895"
"GCF_900186445.1","Flavobacterium psychrophilum","FI070"
"GCF_900186455.1","Flavobacterium psychrophilum","FI146"
"GCF_900186475.1","Flavobacterium psychrophilum","KU 060626-4"
"GCF_900186485.1","Flavobacterium psychrophilum","FPC 831"
"GCF_900186495.1","Flavobacterium psychrophilum","KU 060626-59"
"GCF_900186515.1","Flavobacterium psychrophilum","JIP 16/00"
"GCF_900186525.1","Flavobacterium psychrophilum","IT09"
"GCF_900186545.1","Flavobacterium psychrophilum","IT02"
"GCF_900186555.1","Flavobacterium psychrophilum","KU 051128-10"
"GCF_900186565.1","Flavobacterium psychrophilum","FI166"
"GCF_900186575.1","Flavobacterium psychrophilum","FPC 840"
"GCF_900186595.1","Flavobacterium psychrophilum","JIP 08/99"
"GCF_900186605.1","Flavobacterium psychrophilum","KU 061128-1"
"GCF_900186645.1","Flavobacterium psychrophilum","LVDJ XP189"
"GCF_900186665.1","Flavobacterium psychrophilum","LM-02-Fp"
"GCF_900186685.1","Flavobacterium psychrophilum","LM-01-Fp"
"GCF_900186755.1","Flavobacterium psychrophilum","NO004"
"GCF_900186785.1","Flavobacterium psychrophilum","NO014"
"GCF_900186805.1","Flavobacterium psychrophilum","NO083"
"GCF_900186815.1","Flavobacterium psychrophilum","NO098"
"GCF_900186825.1","Flavobacterium psychrophilum","NO042"
"GCF_900609965.1","Flavobacterium psychrophilum",""
"GCF_900609975.1","Flavobacterium psychrophilum",""
"GCF_900609985.1","Flavobacterium psychrophilum",""
"GCF_900609995.1","Flavobacterium psychrophilum",""
"GCF_900610005.1","Flavobacterium psychrophilum",""
"GCF_900610015.1","Flavobacterium psychrophilum",""
"GCF_900610025.1","Flavobacterium psychrophilum",""
"GCF_900610035.1","Flavobacterium psychrophilum",""
"GCF_900610045.1","Flavobacterium psychrophilum",""
"GCF_900610055.1","Flavobacterium psychrophilum",""
"GCF_900610065.1","Flavobacterium psychrophilum",""
"GCF_900610075.1","Flavobacterium psychrophilum",""
"GCF_900610085.1","Flavobacterium psychrophilum",""
"GCF_900610095.1","Flavobacterium psychrophilum",""
"GCF_900610105.1","Flavobacterium psychrophilum",""
"GCF_900610115.1","Flavobacterium psychrophilum",""
"GCF_900610125.1","Flavobacterium psychrophilum",""
"GCF_900610135.1","Flavobacterium psychrophilum",""
"GCF_900610145.1","Flavobacterium psychrophilum",""
"GCF_900610155.1","Flavobacterium psychrophilum",""
"GCF_900610165.1","Flavobacterium psychrophilum",""
"GCF_900610175.1","Flavobacterium psychrophilum",""
"GCF_900610185.1","Flavobacterium psychrophilum",""
"GCF_900610195.1","Flavobacterium psychrophilum",""
"GCF_900610205.1","Flavobacterium psychrophilum",""
"GCF_900610215.1","Flavobacterium psychrophilum",""
"GCF_900610225.1","Flavobacterium psychrophilum",""
"GCF_900610235.1","Flavobacterium psychrophilum",""
"GCF_900610245.1","Flavobacterium psychrophilum",""
"GCF_900610255.1","Flavobacterium psychrophilum",""
"GCF_900610265.1","Flavobacterium psychrophilum",""
"GCF_900610275.1","Flavobacterium psychrophilum",""
"GCF_900610285.1","Flavobacterium psychrophilum",""
"GCF_900610295.1","Flavobacterium psychrophilum",""
"GCF_900610305.1","Flavobacterium psychrophilum",""
"GCF_900610315.1","Flavobacterium psychrophilum",""
"GCF_900610325.1","Flavobacterium psychrophilum",""
"GCF_900610335.1","Flavobacterium psychrophilum",""
"GCF_900610345.1","Flavobacterium psychrophilum",""
"GCF_900610355.1","Flavobacterium psychrophilum",""
"GCF_900610385.1","Flavobacterium psychrophilum",""
"GCF_900107635.1","Flavobacterium gillisiae","DSM 22376"
"GCF_900099915.1","Flavobacterium omnivorum","CGMCC 1.2747"
"GCF_900142885.1","Flavobacterium xinjiangense","CGMCC 1.2749"
"GCF_003634755.1","Flavobacterium limicola","DSM 15094"
"GCF_900106645.1","Flavobacterium degerlachei","DSM 15718"
"GCF_900111075.1","Flavobacterium frigoris","DSM 15719"
"GCF_900129585.1","Flavobacterium micromati","DSM 17659"
"GCF_003312425.1","Flavobacterium psychrolimnae","LMG 22018"
"GCF_001637185.1","Flavobacterium fryxellicola","DSM 16209"
"GCF_900143245.1","Flavobacterium fryxellicola","DSM 16209"
"GCF_002217275.1","Flavobacterium frigidimaris","DSM 15937"
"GCF_003688495.1","Flavobacterium weaverense","DSM 19727"
"GCF_900129575.1","Flavobacterium segetis","DSM 19741"
"GCF_003003155.1","Flavobacterium granuli","DSM 17797"
"GCF_900129705.1","Flavobacterium granuli","DSM 19729"
"GCF_004363695.1","Flavobacterium cheniae","DSM 22462"
"GCF_007830415.1","Flavobacterium cheniae","CGMCC 1.6844"
"GCF_002754275.1","Flavobacterium sp. 2","2"
"GCF_900100625.1","Flavobacterium saliperosum","CGMCC 1.3801"
"GCF_001404975.1","Flavobacterium daejeonense","RCH33"
"GCF_002754315.1","Flavobacterium sp. 11","11"
"GCF_001404985.1","Flavobacterium aquidurense","RC62"
"GCF_002217195.1","Flavobacterium aquidurense","DSM 18293"
"GCF_000737685.1","Flavobacterium reichenbachii","LMG 25512"
"GCF_002217435.1","Flavobacterium reichenbachii","DSM 21791"
"GCF_900129555.1","Flavobacterium defluvii","DSM 17963"
"GCF_000016645.1","Flavobacterium johnsoniae UW101","UW101; ATCC 17061"
"GCF_002221975.1","Flavobacterium johnsoniae UW101","ATCC 17061"
"GCF_003350545.1","Flavobacterium glaciei","DSM 19728"
"GCF_007994155.1","Flavobacterium glaciei","CGMCC 1.5380"
"GCF_002217285.1","Flavobacterium hercynium","DSM 18292"
"GCF_004119505.1","Flavobacterium sp. YO64","YO64"
"GCF_000064305.2","Flavobacterium psychrophilum JIP02/86","JIP02/86"
"GCF_900108955.1","Flavobacterium terrigena","DSM 17934"
"GCF_900142035.1","Flavobacterium terrae","DSM 18829"
"GCF_900148835.1","Flavobacterium cucumis","DSM 18830"
"GCF_002846575.1","Flavobacterium lindanitolerans","IP-10"
"GCF_003663835.1","Flavobacterium lindanitolerans","DSM 21886"
"GCF_009674815.1","Flavobacterium resistens","DSM 19382"
"GCF_900182645.1","Flavobacterium resistens","DSM 19382"
"GCF_007830355.1","Flavobacterium tiangeerense","CGMCC 1.6847"
"GCF_001705175.1","Flavobacterium anhuiense","GSE09"
"GCF_003590565.1","Flavobacterium anhuiense","M168"
"GCF_004151235.1","Flavobacterium anhuiense","RCM74"
"GCF_900101855.1","Flavobacterium anhuiense","CGMCC 1.6859"
"GCF_902167265.1","Flavobacterium anhuiense",""
"GCF_902167275.1","Flavobacterium anhuiense",""
"GCF_902167285.1","Flavobacterium anhuiense",""
"GCF_900129545.1","Flavobacterium fluvii","DSM 19978"
"GCF_900101895.1","Flavobacterium caeni","CGMCC 1.7031"
"GCF_900111965.1","Flavobacterium swingsii","DSM 21789"
"GCF_001686935.1","Flavobacterium glycines","NBRC 105008"
"GCF_007989005.1","Flavobacterium glycines","NBRC 105008"
"GCF_900100165.1","Flavobacterium glycines","Gm-149"
"GCF_903819445.1","Flavobacterium chungangense",""
"GCF_014385475.1","Flavobacterium macrobrachii","LMG 25203"
"GCF_014486675.1","Flavobacterium macrobrachii","an-8"
"GCF_900110375.1","Flavobacterium sinopsychrotolerans","CGMCC 1.8704"
"GCF_004151245.1","Flavobacterium beibuense","RSKm HC5"
"GCF_009363055.1","Flavobacterium haoranii","KCTC 23008"
"GCF_900142055.1","Flavobacterium haoranii","DSM 22807"
"GCF_003254625.1","Flavobacterium ginsenosidimutans","THG 01"
"GCF_004362665.1","Flavobacterium dankookense","DSM 25687"
"GCF_002217355.1","Flavobacterium oncorhynchi","CCUG 59446"
"GCF_900112575.1","Flavobacterium phragmitis","CGMCC 1.10370"
"GCF_014156605.1","Flavobacterium sp. SOK18b","SOK18b"
"GCF_900115115.1","Flavobacterium ummariense","DS-12"
"GCF_011064265.1","Flavobacterium sp. Sr18","Sr18"
"GCF_900112975.1","Flavobacterium xueshanense","CGMCC 1.9227"
"GCF_900108015.1","Flavobacterium urumqiense","CGMCC 1.9230"
"GCF_001602525.1","Flavobacterium chilense","LMG 26360"
"GCF_900142685.1","Flavobacterium chilense","DSM 24724"
"GCF_002222055.1","Flavobacterium araucananum","DSM 24704"
"GCF_003148525.1","Flavobacterium araucananum","DSM 24704"
"GCF_000253275.1","Flavobacterium branchiophilum FL-15","FL-15"
"GCF_009741375.1","Flavobacterium rakeshii","JCM 17928"
"GCF_000240075.2","Flavobacterium columnare ATCC 49512","ATCC 49512"
"GCF_000252125.1","Flavobacterium frigoris PS1","PS1"
"GCF_000455605.1","Flavobacterium indicum GPTSA100-9 = DSM 17447","GPTSA100-9"
"GCF_003268855.1","Flavobacterium aciduliphilum","DSM 25663"
"GCF_000498495.1","Flavobacterium enshiense DK69","DK69"
"GCF_000769895.1","Flavobacterium enshiense DK69","DK69"
"GCF_000419685.1","Flavobacterium antarcticum DSM 19726","DSM 19726"
"GCF_013393195.1","Flavobacterium collinsii","xwA29"
"GCF_902804485.1","Flavobacterium collinsii",""
"GCF_002217395.1","Flavobacterium plurextorum","CCUG 60112"
"GCF_002217475.1","Flavobacterium tructae","CCUG 60100"
"GCF_001686925.1","Flavobacterium piscis","CCUG 60099"
"GCF_002222045.1","Flavobacterium piscis","CCUG 60099"
"GCF_002917885.1","Flavobacterium croceum DSM 17960","DSM 17960"
"GCF_000425425.1","Flavobacterium daejeonense DSM 17708","DSM 17708"
"GCF_000425445.1","Flavobacterium denitrificans DSM 15936","DSM 15936"
"GCF_000425465.1","Flavobacterium filum DSM 17961","DSM 17961"
"GCF_000425505.1","Flavobacterium frigidarium DSM 17623","DSM 17623"
"GCF_000422685.1","Flavobacterium gelidilacus DSM 15343","DSM 15343"
"GCF_002217405.1","Flavobacterium psychrophilum DSM 3660 = ATCC 49418","ATCC 49418"
"GCF_900101925.1","Flavobacterium psychrophilum DSM 3660 = ATCC 49418","DSM 3660"
"GCF_000378485.1","Flavobacterium rivuli WB 3.3-2 = DSM 21788","DSM 21788"
"GCF_000769825.1","Flavobacterium rivuli WB 3.3-2 = DSM 21788","WB 3.3-2"
"GCF_000686885.1","Flavobacterium sasangense DSM 21067","DSM 21067"
"GCF_000422705.1","Flavobacterium soli DSM 19725","DSM 19725"
"GCF_000422725.1","Flavobacterium subsaxonicum WB 4.1-42 = DSM 21790","DSM 21790"
"GCF_000769935.1","Flavobacterium subsaxonicum WB 4.1-42 = DSM 21790","WB 4.1-42"
"GCF_000430025.1","Flavobacterium suncheonense GH29-5 = DSM 17707","DSM 17707"
"GCF_000769835.1","Flavobacterium suncheonense GH29-5 = DSM 17707","GH29-5"
"GCF_000425485.1","Flavobacterium tegetincola DSM 22377","DSM 22377"
"GCF_900129405.1","Flavobacterium fontis","DSM 25660"
"GCF_007992475.1","Flavobacterium noncentrifugens","NBRC 108844"
"GCF_900100375.1","Flavobacterium noncentrifugens","CGMCC 1.10076"
"GCF_000744835.1","Flavobacterium sp. 83","83"
"GCF_000282055.1","Flavobacterium sp. CF136","CF136"
"GCF_900108395.1","Flavobacterium marinum","CGMCC 1.10825"
"GCF_002007065.3","Flavobacterium sp. KBS0721","KBS0721"
"GCF_000264055.1","Flavobacterium sp. ACAM 123","ACAM 123"
"GCF_000278705.1","Flavobacterium sp. F52","F52"
"GCF_001278115.1","Flavobacterium akiainvivens","IK-1"
"GCF_900115875.1","Flavobacterium akiainvivens","DSM 25510"
"GCF_002217205.1","Flavobacterium branchiophilum NBRC 15030 = ATCC 35035","ATCC 35035"
"GCF_007990815.1","Flavobacterium branchiophilum NBRC 15030 = ATCC 35035","NBRC 15030"
"GCF_002530675.1","Flavobacterium columnare NBRC 100251 = ATCC 23463","ATCC 23463"
"GCF_007990835.1","Flavobacterium columnare NBRC 100251 = ATCC 23463","NBRC 100251"
"GCF_000335775.1","Flavobacterium sp. WG21","WG21"
"GCF_003259835.1","Flavobacterium aquaticum","CGMCC 1.12398"
"GCF_015223105.1","Flavobacterium aquaticum","1Y8A"
"GCF_003385895.1","Flavobacterium cutihirudinis","DSM 25795"
"GCF_000708595.2","Flavobacterium sp. KJJ","KJJ"
"GCF_004366435.1","Flavobacterium sp. S87F.05.LMB.W.Kidney.N","S87F.05.LMB.W.Kidney.N"
"GCF_001853485.1","Flavobacterium spartansii","MSU"
"GCF_002217445.1","Flavobacterium spartansii","ATCC BAA-2541"
"GCF_000426145.1","Flavobacterium sp. URHB0058","URHB0058"
"GCF_900110615.1","Flavobacterium urocaniciphilum","DSM 27078"
"GCF_001857965.1","Flavobacterium commune","PK15"
"GCF_000498475.1","Flavobacterium cauense R2A-7","R2A-7"
"GCF_000769815.1","Flavobacterium cauense R2A-7","R2A-7"
"GCF_007830385.1","Flavobacterium cauense R2A-7","CGMCC 1.7270"
"GCF_000498515.1","Flavobacterium saliperosum S13","S13"
"GCF_000498535.1","Flavobacterium limnosediminis JC2902","JC2902"
"GCF_003268815.1","Flavobacterium lacus","CGMCC 1.12504"
"GCF_003076455.1","Flavobacterium faecale","WV33"
"GCF_007341385.1","Flavobacterium daemonense","JCM 19455"
"GCF_000769915.1","Flavobacterium beibuense F44-8","F44-8"
"GCF_001027725.1","Flavobacterium sp. ABG","ABG"
"GCF_000812945.1","Flavobacterium sp. AED","AED"
"GCF_000611675.1","Flavobacterium succinicans LMG 10402","LMG 10402"
"GCF_000754405.1","Flavobacterium psychrophilum FPG3","FPG3"
"GCF_000754365.1","Flavobacterium psychrophilum FPG101","FPG101"
"GCF_003732575.1","Flavobacterium psychrophilum 10","10"
"GCF_000757385.1","Flavobacterium aquatile LMG 4008 = ATCC 11947","LMG 4008"
"GCF_002217235.1","Flavobacterium aquatile LMG 4008 = ATCC 11947","ATCC 11947"
"GCF_000735715.2","Flavobacterium chungangense LMG 26729","LMG 26729"
"GCF_014639535.1","Flavobacterium palustre","CGMCC 1.12811"
"GCF_014207905.1","Flavobacterium notoginsengisoli","S00128"
"GCF_000735535.1","Flavobacterium gilvum","EM1308"
"GCF_001761465.1","Flavobacterium gilvum","EM1308"
"GCF_000695795.1","Flavobacterium seoulense","EM1321"
"GCF_000745775.1","Flavobacterium sp. ASV13","Fl"
"GCF_016429105.1","Flavobacterium sp. ASV13","ASV13"
"GCF_003634455.1","Flavobacterium endophyticum","DSM 29537"
"GCF_006491595.2","Flavobacterium jejuense","EC11"
"GCF_004151275.1","Flavobacterium sp. TCH3-2","TCH3-2"
"GCF_000813005.1","Flavobacterium sp. KMS","KMS"
"GCF_000834715.1","Flavobacterium sp. MEB061","MEB061"
"GCF_000967805.1","Flavobacterium sp. 316","316"
"GCF_003254565.1","Flavobacterium nitrogenifigens","NXU-44"
"GCF_008369745.1","Flavobacterium nitrogenifigens","KACC 18538"
"GCF_014204385.1","Flavobacterium nitrogenifigens","S00142"
"GCF_900182675.1","Flavobacterium nitrogenifigens","DSM 29982"
"GCF_014138495.1","Flavobacterium gossypii","DSM 100397"
"GCF_014486695.1","Flavobacterium buctense","B7"
"GCF_014642275.1","Flavobacterium lutivivi","CGMCC 1.15347"
"GCF_003076475.1","Flavobacterium kingsejongi","WV39"
"GCF_003385115.1","Flavobacterium aquicola","DSM 100880"
"GCF_003254545.1","Flavobacterium tistrianum","GB 56.1"
"GCF_001275605.1","Flavobacterium sp. VMW","VMW"
"GCF_002210235.1","Flavobacterium sp. NLM","NLM"
"GCF_001529295.1","Flavobacterium sp. TAB 87","TAB 87"
"GCF_001422725.1","Flavobacterium sp. Leaf82","Leaf82"
"GCF_001423985.1","Flavobacterium sp. Leaf359","Leaf359"
"GCF_001428525.1","Flavobacterium sp. Root186","Root186"
"GCF_001427905.1","Flavobacterium sp. Root420","Root420"
"GCF_001429765.1","Flavobacterium sp. Root901","Root901"
"GCF_001429295.1","Flavobacterium sp. Root935","Root935"
"GCF_014638005.1","Flavobacterium orientale","CGMCC 1.12506"
"GCF_900110335.1","Flavobacterium sp. fv08","FV08"
"GCF_900187965.1","Flavobacterium sp. ov086","OV086"
"GCF_001686945.1","Flavobacterium crassostreae","LPB0076"
"GCF_001831475.1","Flavobacterium crassostreae","LPB0076"
"GCF_014642915.1","Flavobacterium suaedae","CGMCC 1.15461"
"GCF_006491645.1","Flavobacterium sp. TP390","TP390"
"GCF_009753805.1","Flavobacterium sp. TP390","TP390"
"GCF_003344925.1","Flavobacterium arcticum","SM1502"
"GCF_004634185.1","Flavobacterium arcticum","KCTC 42668"
"GCF_012911605.1","Flavobacterium sp. SE-s27","SE-s27"
"GCF_012911565.1","Flavobacterium sp. SE-s28","SE-s28"
"GCF_010645065.1","Flavobacterium fluviatile","TAPY14"
"GCF_900129795.1","Flavobacterium sp. CF108","CF108"
"GCF_014858825.1","Flavobacterium sp. PL002","PL0002"
"GCF_004119495.1","Flavobacterium sp. YO12","YO12"
"GCF_002304005.1","Flavobacterium sp. ACN6","ACN6"
"GCF_004016525.1","Flavobacterium sufflavum","BBQ-12"
"GCF_002150205.1","Flavobacterium sp. FPG59","FPG59"
"GCF_009909155.2","Flavobacterium undicola","BBQ-18"
"GCF_002017935.1","Flavobacterium sp. LM4","LM4"
"GCF_002017945.1","Flavobacterium sp. LM5","LM5"
"GCF_014596575.1","Flavobacterium pokkalii","L1I52"
"GCF_002001005.1","Flavobacterium sp. A45","A45"
"GCF_002303885.1","Flavobacterium sp. ACN2","ACN2"
"GCF_014844035.1","Flavobacterium sp. MDT1-60","MDT1-60"
"GCF_002156885.1","Flavobacterium sp. AJR","AJR"
"GCF_002251835.1","Flavobacterium cyanobacteriorum","TH021"
"GCF_002251775.1","Flavobacterium aurantiibacter","TH167"
"GCF_015277675.1","Flavobacterium soyangense","CGMCC 1.13493"
"GCF_002277835.2","Flavobacterium sp. IR1","IR1"
"GCF_008806775.1","Flavobacterium luteum","NBRC 112527"
"GCF_004634245.1","Flavobacterium foetidum","JCM 32085"
"GCF_002754195.1","Flavobacterium sp. 9","9"
"GCF_002813295.1","Flavobacterium sp. 5","5"
"GCF_002797935.1","Flavobacterium sp. 1","1"
"GCF_010645075.1","Flavobacterium limi","THG-AG6.4"
"GCF_014644395.1","Flavobacterium limi","CGMCC 1.16060"
"GCF_002836475.1","Flavobacterium sp. ALD4","ALD4"
"GCF_004303025.1","Flavobacterium sp. J27","J27"
"GCF_002920895.1","Flavobacterium alvei","HR-AY"
"GCF_015182285.1","Flavobacterium sp. KB82","KB82"
"GCF_004345565.1","Flavobacterium circumlabens","P5626"
"GCF_004369705.1","Flavobacterium circumlabens","CCM 8828"
"GCF_003996965.1","Flavobacterium cupreum","CCM 8825"
"GCF_003633785.1","Flavobacterium sp. 81","81"
"GCF_004339525.1","Flavobacterium sp. 90","90"
"GCF_003634615.1","Flavobacterium sp. 102","102"
"GCF_003096795.1","Flavobacterium sp. 103","103"
"GCF_003633605.1","Flavobacterium sp. 120","120"
"GCF_003634825.1","Flavobacterium sp. 123","123"
"GCF_003386855.1","Flavobacterium sp. GV028","GV028"
"GCF_003208535.1","Flavobacterium sp. GV030","GV030"
"GCF_004341805.1","Flavobacterium sp. GV063","GV063"
"GCF_003217415.1","Flavobacterium sp. GV069","GV069"
"GCF_003688345.1","Flavobacterium sp. GV029","GV029"
"GCF_003070725.1","Flavobacterium sp. WLB","WLB"
"GCF_003055625.1","Flavobacterium magnum","HYN0048"
"GCF_003097655.1","Flavobacterium laiguense","LB2P30"
"GCF_003097635.1","Flavobacterium psychrotolerans","RB1R5"
"GCF_003105115.1","Flavobacterium sp. HTF","HTF"
"GCF_003097535.1","Flavobacterium pallidum","HYN0049"
"GCF_003096035.1","Flavobacterium album","HYN0059"
"GCF_003122385.1","Flavobacterium crocinum","HYN0056"
"GCF_003633595.1","Flavobacterium sp. JRR 20_7","JRR 20_7"
"GCF_003350375.1","Flavobacterium sp. AG291","AG291"
"GCF_003148385.1","Flavobacterium sediminis","MEBiC07310"
"GCF_011751075.1","Flavobacterium sp. JXAS1","JXAS1"
"GCF_003254585.1","Flavobacterium sharifuzzamanii","A7.6"
"GCF_003202405.1","Flavobacterium hydrophilum","IMCC34758"
"GCF_003202435.1","Flavobacterium cheongpyeongense","IMCC34759"
"GCF_003254745.1","Flavobacterium aquariorum","IMCC34762"
"GCF_003293845.1","Flavobacterium tibetense","YH5"
"GCF_003312915.1","Flavobacterium sp. HYN0086","HYN0086"
"GCF_003314435.2","Flavobacterium petrolei","Kopri-42"
"GCF_003403075.1","Flavobacterium sp. CJ74","CJ74"
"GCF_003668995.1","Flavobacterium sp. 140616W15",""
"GCF_003865405.1","Flavobacterium tangerina","YIM 102701-2"
"GCF_003858535.1","Flavobacterium viscosus","YIM 102796"
"GCF_003946915.1","Flavobacterium sp. T13","T13"
"GCF_003865365.1","Flavobacterium macacae","YIM 102600"
"GCF_004352915.1","Flavobacterium zhairuonensis","A5.7"
"GCF_003970305.1","Flavobacterium sp. LB2P53","LB2P53"
"GCF_003968825.1","Flavobacterium sp. LS1R10","LS1R10"
"GCF_003970355.1","Flavobacterium bomensis","RB1N8"
"GCF_003970375.1","Flavobacterium sp. ZB4P23","ZB4P23"
"GCF_003968755.1","Flavobacterium sp. RSP15","RSP15"
"GCF_003984825.1","Flavobacterium sp. RSP46","RSP46"
"GCF_003968735.1","Flavobacterium sp. RSP49","RSP49"
"GCF_003984855.1","Flavobacterium sp. GSP6","GSP6"
"GCF_003970395.1","Flavobacterium sp. GSP27","GSP27"
"GCF_003970335.1","Flavobacterium sp. LS1P28","LS1P28"
"GCF_004028155.1","Flavobacterium cerinum","INF"
"GCF_004122105.1","Flavobacterium sp. WWJ-16","WWJ-16"
"GCF_004122165.1","Flavobacterium sp. LLJ-11","LLJ-11"
"GCF_004122145.1","Flavobacterium piscinae","ICH-30"
"GCF_004362015.1","Flavobacterium sp. P3160","P3160"
"GCF_004368785.1","Flavobacterium sp. 270","270"
"GCF_004362055.1","Flavobacterium sp. 245","245"
"GCF_004797125.1","Flavobacterium sangjuense","GS03"
"GCF_004329815.1","Flavobacterium silvisoli","RD-2-33"
"GCF_004959765.1","Flavobacterium sp. H122","H122"
"GCF_004349155.1","Flavobacterium sp. GT3P67","GT3P67"
"GCF_004349195.1","Flavobacterium sp. LB3P52","LB3P52"
"GCF_004349315.1","Flavobacterium sp. LB2P22","LB2P22"
"GCF_004349355.1","Flavobacterium cellulosilyticum","AR-3-4"
"GCF_004349085.1","Flavobacterium caseinilyticum","AT-3-2"
"GCF_004349135.1","Flavobacterium sandaracinum","LB-D12"
"GCF_004349145.1","Flavobacterium hiemivividum","TSA-D2"
"GCF_009848495.1","Flavobacterium sp. MK4S-17","MK4S-17"
"GCF_004634195.1","Flavobacterium sp. SaA2.12","SaA2.12"
"GCF_004355225.1","Flavobacterium nackdongense","GS13"
"GCF_004745595.1","Flavobacterium humi","DS2-A"
"GCF_004801375.1","Flavobacterium sp. CC-CTC003","CC-CTC003"
"GCF_005144745.1","Flavobacterium sp. ASW18X","ASW18X"
"GCF_006386525.1","Flavobacterium sp. GSA192","GSA192"
"GCF_012932585.1","Flavobacterium sp. SG815","SG815"
"GCF_009764685.1","Flavobacterium sp. I-STPP5a","I-STPP5a"
"GCF_009764715.1","Flavobacterium sp. I-STPA6A","I-STPA6A"
"GCF_007097145.1","Flavobacterium sp. ZT4R6","ZT4R6"
"GCF_007097245.1","Flavobacterium sp. LB1R34","LB1R34"
"GCF_007097385.1","Flavobacterium sp. ZT3R18","ZT3R18"
"GCF_007097365.1","Flavobacterium sp. LB3P56","LB3P56"
"GCF_007109265.1","Flavobacterium sp. LB3P62","LB3P62"
"GCF_007097265.1","Flavobacterium sp. GSP16","GSP16"
"GCF_007097345.1","Flavobacterium sp. GSP21","GSP21"
"GCF_007097295.1","Flavobacterium sp. GSP39","GSP39"
"GCF_007097285.1","Flavobacterium sp. GSR18","GSR18"
"GCF_007097305.1","Flavobacterium sp. GSR22","GSR22"
"GCF_007109225.1","Flavobacterium sp. GT3R68","GT3R68"
"GCF_006385255.1","Flavobacterium microcysteis","MaA-Y11"
"GCF_008033395.2","Flavobacterium sp. XN-5","XN-5"
"GCF_008000935.1","Flavobacterium alkalisoli","XS-5"
"GCF_008629655.1","Flavobacterium baculatum","SNL9"
"GCF_013388355.1","Flavobacterium sp. LPB0248","LPB248"
"GCF_902506265.1","Flavobacterium sp. 9AF",""
"GCF_902506345.1","Flavobacterium sp. 9R",""
"GCF_009495795.1","Flavobacterium sp. LMO6","LMO6"
"GCF_009495755.1","Flavobacterium sp. LMO8","LMO8"
"GCF_009495835.1","Flavobacterium sp. LMO9","LMO9"
"GCF_011007495.1","Flavobacterium sp. xlx-214","xlx-214"
"GCF_013874595.1","Flavobacterium sp. xlx-214","xlx-214"
"GCF_903819335.1","Flavobacterium sp. PXU-55",""
"GCF_903819435.1","Flavobacterium sp. T13(2019)",""
"GCF_009664855.1","Flavobacterium sp. SLB02","SLB02"
"GCF_009674775.1","Flavobacterium sp. LC2016-23","LC2016-23"
"GCF_009707955.1","Flavobacterium sp. LC2016-13","LC2016-13"
"GCF_009711135.1","Flavobacterium sp. LC2016-01","LC2016-01"
"GCF_009711165.1","Flavobacterium sp. MC2016-06","MC2016-06"
"GCF_009789235.1","Flavobacterium sp. GA093","GA093"
"GCF_014876705.1","Flavobacterium sp. SaA2.13","SaA2.13"
"GCF_010078225.1","Flavobacterium sp. LaA7.5","LaA7.5"
"GCF_009826935.1","Flavobacterium sp. Sd200","Sd200"
"GCF_009826975.1","Flavobacterium sp. HBTb2-11-1","HBTb2-11-1"
"GCF_010614725.1","Flavobacterium ajazii","SSM4.2"
"GCF_010119235.1","Flavobacterium phycosphaerae","MK012"
"GCF_009915155.1","Flavobacterium sp. NST-5","NST-5"
"GCF_902804475.1","Flavobacterium bizetiae","CIP 105534"
"GCF_904424765.1","Flavobacterium bizetiae","CIP 105535"
"GCF_904425415.1","Flavobacterium bizetiae","CIP 105534"
"GCF_011392115.1","Flavobacterium sp. KDG-16","KDG-16"
"GCF_011392125.1","Flavobacterium lotistagni","CYK-4"
"GCF_011392075.1","Flavobacterium celericrescens","TWA-26"
"GCF_011742145.1","Flavobacterium sp. J49","J49"
"GCF_015476555.1","Flavobacterium sp. J49","J49"
"GCF_014748335.1","Flavobacterium sp. D33","D33"
"GCF_013112255.2","Flavobacterium sp. CLA17","CLA17"
"GCF_903469665.1","Flavobacterium sp. UGB4466",""
"GCF_013072765.1","Flavobacterium sp. IMCC34852","IMCC34852"
"GCF_013294005.1","Flavobacterium sp. 28A","28A"
"GCF_013294025.1","Flavobacterium sp. 14A","14A"
"GCF_013294075.1","Flavobacterium sp. 7E","7E"
"GCF_013284035.1","Flavobacterium sp. M31R6","M31R6"
"GCF_013366395.1","Flavobacterium agri","MAH-1"
"GCF_013401995.1","Flavobacterium agri","MAH-1"
"GCF_013389595.1","Flavobacterium sp. I3-2","I3-2"
"GCF_013389455.1","Flavobacterium sp. P2-65","P2-65"
"GCF_014281985.1","Flavobacterium sp. GP15","GP15"
"GCF_014050215.1","Flavobacterium sp. xlx-221","xlx-221"
"GCF_017875765.1","Flavobacterium sp. CG_23.5","CG_23.5"
"GCF_014305095.1","Flavobacterium kayseriense","F-47"
"GCF_014305115.1","Flavobacterium kayseriense","F-380"
"GCF_014305155.1","Flavobacterium sp. F-60","F-60"
"GCF_014305175.1","Flavobacterium sp. F-392","F-392"
"GCF_011365745.1","Flavobacterium turcicum","F-339"
"GCF_014305215.1","Flavobacterium turcicum","F-400"
"GCF_014305205.1","Flavobacterium sp. F-408","F-408"
"GCF_018080005.1","Flavobacterium sp. CS20","CS20"
"GCF_016405855.1","Flavobacterium sp. IB48","IB48"
"GCF_015350765.1","Flavobacterium sp. ANB","ANB"
"GCF_015350725.1","Flavobacterium sp. CSZ","CSZ"
"GCF_015351475.1","Flavobacterium sp. HJJ","HJJ"
"GCF_015350755.1","Flavobacterium sp. JLP","JLP"
"GCF_015351595.1","Flavobacterium sp. LC2016-12","LC2016-12"
"GCF_015350695.1","Flavobacterium sp. MR2016-29","MR2016-29"
"GCF_015594725.1","Flavobacterium sp. ALJ2","ALJ2"
"GCF_015752255.1","Flavobacterium sp. CAN_S2","CAN_S2"
"GCF_015751645.1","Flavobacterium sp. CG_9.1","CG_9.1"
"GCF_015752245.1","Flavobacterium sp. CG_9.10","CG_9.10"
"GCF_016522065.1","Flavobacterium sp. SE-1-e","SE-1-e"
"GCF_016735615.1","Flavobacterium sp. GN10","GN10"
"GCF_017833415.1","Flavobacterium sp. 1355","1355"
"GCF_017833855.1","Flavobacterium sp. 1750","1750"
"GCF_011305415.1","Flavobacterium sp. F-372","F-372"
"GCF_017948675.1","Flavobacterium sp. P4023","P4023"
"GCF_017948595.1","Flavobacterium sp. P7388","P7388"
"GCF_017352115.1","Flavobacterium sp. BB8","BB8"
"GCF_018069925.1","Flavobacterium sp. F-328","F-328"
"","",""
"","",""
"","",""
"","",""
"","",""
"","",""
"","",""
"","",""
"","",""
"","",""
"","",""
"","",""
"","",""
"","",""
"","",""
"","",""
"","",""
"","",""
"","",""
"","",""
"","",""
"","",""
"","",""
"","",""
"","",""
"","",""
"","",""
"","",""
"","",""
"","",""
"","",""
"","",""
"","",""
"","",""
"","",""
"","",""
"","",""
"","",""
"","",""
"","",""
"","",""
"","",""
"","",""
"","",""
"","",""
"","",""
"","",""
"","",""
"","",""
"","",""
"","",""
"","",""
"","",""
"","",""
"","",""
"","",""
"","",""
"","",""
"","",""
"","",""
"","",""
"","",""
"","",""
"","",""
"","",""
"","",""
"","",""
"","",""
"","",""
"","",""
"","",""
"","",""
"","",""
"","",""
"","",""
"","",""
"","",""
"","",""
"","",""
"","",""
"","",""
"","",""
"","",""
"","",""
"","",""
"","",""
"","",""
"","",""
"","",""
"","",""
"","",""
"","",""
"","",""
"","",""
"","",""
"","",""
"","",""
"","",""
"","",""
"","",""
"","",""
"","",""
"","",""
"","",""
"","",""
"","",""
"","",""
"","",""
"","",""
"","",""
"","",""
"","",""
"","",""
"","",""
"","",""
"","",""
"","",""
"","",""
"","",""
"","",""
"","",""
"","",""
"","",""
"","",""
"","",""
"","",""
"","",""
"","",""
"","",""
"","",""
"","",""
"","",""
"","",""
"","",""
"","",""
"","",""
"","",""
"","",""
"","",""
"","",""
"","",""
"","",""
"","",""
"","",""
"","",""
"","",""
"","",""
"","",""
"","",""
"","",""
"","",""
"","",""
"","",""
"","",""
"","",""
"","",""
"","",""
"","",""
"","",""
"","",""
"","",""
"","",""
"","",""
"","",""
"","",""
"","",""
"","",""
"","",""
"","",""
"","",""
"","",""
"","",""
"","",""
"","",""
"","",""
"","",""
"","",""
"","",""
"","",""
"","",""
"","",""
"","",""
"","",""
"","",""
"","",""
"","",""
"","",""
"","",""
"","",""
"","",""
"","",""
"","",""
"","",""
"","",""
"","",""
"","",""
"","",""
"","",""
"","",""
"","",""
"","",""
"","",""
"","",""
"","",""
"","",""
"","",""
"","",""
"","",""
"","",""
"","",""
"","",""
"","",""
"","",""
"","",""
"","",""
"","",""
"","",""
"","",""
"","",""
"","",""
"","",""
"","",""
"","",""
"","",""
"","",""
"","",""
"","",""
"","",""
"","",""
"","",""
"","",""
"","",""
"","",""
"","",""
"","",""
"","",""
"","",""
"","",""
"","",""
"","",""
"","",""
"","",""
"","",""
"","",""
"","",""
"","",""
"","",""
"","",""
"","",""
"","",""
"","",""
"","",""
"","",""
"","",""
"","",""
"","",""
"","",""
"","",""
"","",""
"","",""
"","",""
"","",""
"","",""
"","",""
"","",""
"","",""
"","",""
"","",""
"","",""
"","",""
"","",""
"","",""
"","",""
"","",""
"","",""
"","",""
"","",""
"","",""
"","",""
"","",""
"","",""
"","",""
"","",""
"","",""
"","",""
"","",""
"","",""
"","",""
"","",""
"","",""
"","",""
"","",""
"","",""
"","",""
"","",""
"","",""
"","",""
"","",""
"","",""
"","",""
"","",""
"","",""
"","",""
"","",""
"","",""
"","",""
"","",""
"","",""
"","",""
"","",""
"","",""
"","",""
"","",""
"","",""
"","",""
"","",""
"","",""
"","",""
"","",""
"","",""
"","",""
"","",""
"","",""
"","",""
"","",""
"","",""
"","",""
"","",""
"","",""
"","",""
"","",""
"","",""
"","",""
"","",""
"","",""
"","",""
"","",""
"","",""
"","",""
"","",""
"","",""
"","",""
"","",""
"","",""
"","",""
"","",""
"","",""
"","",""
"","",""
"","",""
"","",""
"","",""
"","",""
"","",""
"","",""
"","",""
"","",""
"","",""
"","",""
"","",""
"","",""
"","",""
"","",""
"","",""
"","",""
"","",""
"","",""
"","",""
"","",""
"","",""
"","",""
"","",""
"","",""
"","",""
"","",""
"","",""
"","",""
"","",""
"","",""
"","",""
"","",""
"","",""
"","",""
